Designator,Val,Package,Mid X,Mid Y,Rotation,Layer
BT1,BH-AAA-A1AJ001,BH-AAA-A1AJ001,106.576,-122.586,180.0,top
C1,100n,C_0603_1608Metric,107.846,-42.322,-90.0,top
C2,10n,C_0603_1608Metric,114.196,-39.274,0.0,top
C3,100n,C_0603_1608Metric,114.196,-37.75,0.0,top
C4,100n,C_0603_1608Metric,120.292,-37.75,0.0,top
C5,10uF,C_0805_2012Metric,83.462,-41.306,90.0,top
C6,10uF,C_0805_2012Metric,88.542,-40.798,90.0,top
D1,LED,LED_0603_1608Metric,134.754,-38.512,180.0,top
D10,LED,LED_0603_1608Metric,125.63,-53.188,180.0,top
D11,LED,LED_0603_1608Metric,125.63,-61.188,180.0,top
D12,LED,LED_0603_1608Metric,125.63,-69.188,180.0,top
D13,LED,LED_0603_1608Metric,125.63,-77.188,180.0,top
D14,LED,LED_0603_1608Metric,125.63,-85.188,180.0,top
D15,LED,LED_0603_1608Metric,125.63,-93.188,180.0,top
D16,LED,LED_0603_1608Metric,125.63,-101.188,180.0,top
D17,LED,LED_0603_1608Metric,125.63,-109.188,180.0,top
D2,LED,LED_0603_1608Metric,97.63,-53.188,180.0,top
D3,LED,LED_0603_1608Metric,97.63,-61.188,180.0,top
D4,LED,LED_0603_1608Metric,97.63,-69.188,180.0,top
D5,LED,LED_0603_1608Metric,97.63,-77.188,180.0,top
D6,LED,LED_0603_1608Metric,97.63,-85.188,180.0,top
D7,LED,LED_0603_1608Metric,97.63,-93.188,180.0,top
D8,LED,LED_0603_1608Metric,97.63,-101.188,180.0,top
D9,LED,LED_0603_1608Metric,97.63,-109.188,180.0,top
J1,JST VH 02,JST_VH_B2P-VH_1x02_P3.96mm_Vertical,146.55,-47.98,-90.0,top
J10,JST VH 02,JST_VH_B2P-VH_1x02_P3.96mm_Vertical,163.0,-57.98,-90.0,top
J11,JST VH 02,JST_VH_B2P-VH_1x02_P3.96mm_Vertical,163.0,-67.98,-90.0,top
J12,JST VH 02,JST_VH_B2P-VH_1x02_P3.96mm_Vertical,163.0,-77.98,-90.0,top
J13,JST VH 02,JST_VH_B2P-VH_1x02_P3.96mm_Vertical,163.0,-87.98,-90.0,top
J14,JST VH 02,JST_VH_B2P-VH_1x02_P3.96mm_Vertical,163.0,-97.98,-90.0,top
J15,JST VH 02,JST_VH_B2P-VH_1x02_P3.96mm_Vertical,163.05,-107.98,-90.0,top
J16,JST VH 02,JST_VH_B2P-VH_1x02_P3.96mm_Vertical,163.05,-117.98,-90.0,top
J2,JST VH 02,JST_VH_B2P-VH_1x02_P3.96mm_Vertical,146.55,-57.98,-90.0,top
J3,JST VH 02,JST_VH_B2P-VH_1x02_P3.96mm_Vertical,146.55,-67.98,-90.0,top
J4,JST VH 02,JST_VH_B2P-VH_1x02_P3.96mm_Vertical,146.55,-77.98,-90.0,top
J5,JST VH 02,JST_VH_B2P-VH_1x02_P3.96mm_Vertical,146.55,-87.98,-90.0,top
J6,JST VH 02,JST_VH_B2P-VH_1x02_P3.96mm_Vertical,146.55,-97.98,-90.0,top
J7,JST VH 02,JST_VH_B2P-VH_1x02_P3.96mm_Vertical,146.55,-107.98,-90.0,top
J8,JST VH 02,JST_VH_B2P-VH_1x02_P3.96mm_Vertical,146.55,-117.98,-90.0,top
J9,JST VH 02,JST_VH_B2P-VH_1x02_P3.96mm_Vertical,163.0,-47.98,-90.0,top
L1,4.7u,L_1008_2520Metric,84.986,-37.39,0.0,top
Q1,2N7002,SOT-23,139.088,-49.942,270.0,top
Q10,2N7002,SOT-23,155.598,-59.848,270.0,top
Q11,2N7002,SOT-23,155.598,-69.754,270.0,top
Q12,2N7002,SOT-23,155.598,-79.914,270.0,top
Q13,2N7002,SOT-23,155.598,-89.82,270.0,top
Q14,2N7002,SOT-23,155.598,-99.726,270.0,top
Q15,2N7002,SOT-23,155.598,-109.886,270.0,top
Q16,2N7002,SOT-23,155.344,-119.792,270.0,top
Q2,2N7002,SOT-23,139.088,-59.848,270.0,top
Q3,2N7002,SOT-23,139.088,-69.754,270.0,top
Q4,2N7002,SOT-23,139.088,-79.914,270.0,top
Q5,2N7002,SOT-23,138.834,-89.82,270.0,top
Q6,2N7002,SOT-23,138.58,-99.726,270.0,top
Q7,2N7002,SOT-23,138.58,-109.886,270.0,top
Q8,2N7002,SOT-23,138.58,-119.792,270.0,top
Q9,2N7002,SOT-23,155.598,-49.942,270.0,top
R1,1.0k,R_0603_1608Metric,128.42,-37.75,180.0,top
R10,470,R_0603_1608Metric,155.598,-45.878,180.0,top
R11,470,R_0603_1608Metric,155.598,-56.038,180.0,top
R12,470,R_0603_1608Metric,155.598,-65.69,180.0,top
R13,470,R_0603_1608Metric,155.598,-75.85,180.0,top
R14,470,R_0603_1608Metric,155.598,-85.756,180.0,top
R15,470,R_0603_1608Metric,155.598,-95.662,180.0,top
R16,470,R_0603_1608Metric,155.598,-105.822,180.0,top
R17,470,R_0603_1608Metric,155.344,-115.982,180.0,top
R18,4.7k,R_0603_1608Metric,109.878,-39.274,0.0,top
R19,4.7k,R_0603_1608Metric,111.148,-37.75,0.0,top
R2,470,R_0603_1608Metric,139.088,-45.878,180.0,top
R3,470,R_0603_1608Metric,139.088,-55.784,180.0,top
R4,470,R_0603_1608Metric,139.088,-65.69,180.0,top
R5,470,R_0603_1608Metric,139.088,-75.85,180.0,top
R6,470,R_0603_1608Metric,138.834,-85.756,180.0,top
R7,470,R_0603_1608Metric,138.58,-95.662,180.0,top
R8,470,R_0603_1608Metric,138.58,-105.822,180.0,top
R9,470,R_0603_1608Metric,138.58,-115.728,180.0,top
SW1,KH-SS12D01-G3-5.0,SW_Slide-03_Wuerth-WS-SLTV_10x2.5x6.4_P2.54mm,80.135,-46.132,180.0,top
U1,74HC4017D,SO-16_3.9x9.9mm_P1.27mm,124.356,-42.576,90.0,top
U2,TLC555CD,SOIC-8_3.9x4.9mm_P1.27mm,111.402,-43.846,0.0,top
U3,TPS61222DCK,Texas_R-PDSO-G6,86.002,-40.544,90.0,top
